Algo,N,W,Tiempo
FB,1,10000,0.000578508
FB,2,10000,0.000666919
FB,3,10000,0.00138943
FB,4,10000,0.00393851
FB,5,10000,0.00698675
FB,6,10000,0.016426
FB,7,10000,0.0397269
FB,8,10000,0.0876465
FB,9,10000,0.198489
FB,10,10000,0.443744
FB,11,10000,1.05014
FB,12,10000,2.10311
FB,13,10000,6.43184
FB,14,10000,10.6591
FB,15,10000,24.474
FB,16,10000,56.2015
FB,17,10000,106.605
FB,18,10000,211.996
FB,19,10000,460.472
FB,20,10000,878.674
FB,21,10000,1831.53
FB,22,10000,3725.2
FB,23,10000,7906.65
FB,24,10000,16383.4
FB,25,10000,34249.5
FB,26,10000,71110.7
FB,27,10000,156173
FB,28,10000,320616